{
  "modelI_dd1400": {
    "vtu": "/Users/vinaykumar/git/ogs/RUNS/_INPROGRESS_full_validation/ms33/out_modelI_dd1400/ms33_modelI_dd1400_ts_308_t_17280000.000000.vtu",
    "t": 17280000.0,
    "sigma_zz_mean_MPa": -4.921825546304479,
    "sigma_rr_mean_MPa": -4.921825546304479,
    "mean_stress_comp_pos_MPa": 4.921825546304477
  },
  "modelI_dd1600": {
    "vtu": "/Users/vinaykumar/git/ogs/RUNS/_INPROGRESS_full_validation/ms33/out_modelI_dd1600/ms33_modelI_dd1600_ts_311_t_17280000.000000.vtu",
    "t": 17280000.0,
    "sigma_zz_mean_MPa": -14.16024956073316,
    "sigma_rr_mean_MPa": -14.16024956073316,
    "mean_stress_comp_pos_MPa": 14.160249560733162
  },
  "modelI_dd1800": {
    "vtu": "/Users/vinaykumar/git/ogs/RUNS/_INPROGRESS_full_validation/ms33/out_modelI_dd1800/ms33_modelI_dd1800_ts_308_t_17280000.000000.vtu",
    "t": 17280000.0,
    "sigma_zz_mean_MPa": -40.84480972246772,
    "sigma_rr_mean_MPa": -40.84480972246772,
    "mean_stress_comp_pos_MPa": 40.84480972246772
  },
  "modelIII_gap2mm": {
    "vtu": "/Users/vinaykumar/git/ogs/RUNS/_INPROGRESS_full_validation/ms33/out_modelIII_gap2mm/ms33_modelIII_gap2mm_ts_438_t_17280000.000000.vtu",
    "t": 17280000.0,
    "Top": {
      "node_xyz": [
        0.0,
        0.07,
        0.0
      ],
      "mean_stress_MPa": 9.635403566603236
    },
    "Central": {
      "node_xyz": [
        0.0,
        0.04025000000000001,
        0.0
      ],
      "mean_stress_MPa": 9.632409939812044
    },
    "Bottom": {
      "node_xyz": [
        0.0,
        0.010500000000000002,
        0.0
      ],
      "mean_stress_MPa": 9.60586519963306
    }
  },
  "modelIV_pellets": {
    "vtu": "/Users/vinaykumar/git/ogs/RUNS/_INPROGRESS_full_validation/ms33/out_modelIV_pellets/ms33_modelIV_pellets_ts_636_t_17280000.000000.vtu",
    "t": 17280000.0,
    "Top": {
      "node_xyz": [
        0.0,
        0.07,
        0.0
      ],
      "mean_stress_MPa": 6.490153778598335
    },
    "Central": {
      "node_xyz": [
        0.0,
        0.04025000000000001,
        0.0
      ],
      "mean_stress_MPa": 6.494421836045342
    },
    "Bottom": {
      "node_xyz": [
        0.0,
        0.010500000000000002,
        0.0
      ],
      "mean_stress_MPa": 1.2068463846167437
    }
  },
  "modelVII_freeswelling": {
    "end_free_swelling_t17280000": {
      "vtu": "/Users/vinaykumar/git/ogs/RUNS/_INPROGRESS_full_validation/ms33/out_modelVII_freeswelling/ms33_modelVII_freeswelling_ts_466_t_17280000.000000.vtu",
      "phi_mean": 0.5999122083935129,
      "void_ratio_e": 1.4994514228606264
    },
    "end_t20736000": {
      "vtu": "/Users/vinaykumar/git/ogs/RUNS/_INPROGRESS_full_validation/ms33/out_modelVII_freeswelling/ms33_modelVII_freeswelling_ts_507_t_20736000.000000.vtu",
      "phi_mean": 0.5992586676613836,
      "void_ratio_e": 1.4953752440864396
    }
  }
}